{
    "J0023+0923": {
        "NANOGrav": {
            "FoM": 0.36021483561730394,
            "Tobs": 2.3018831926843224,
            "dt": 30.027244147426742,
            "sigma": 1.8512933543948156
        }
    },
    "J0030+0451": {
        "EPTA": {
            "FoM": 85.05966174924316,
            "Tobs": 7.418408274594816,
            "dt": 9.711733413246439,
            "sigma": 2.674010134953473
        },
        "NANOGrav": {
            "FoM": 114.26081522599321,
            "Tobs": 8.772806682176487,
            "dt": 53.40446067774937,
            "sigma": 1.4149120740401786
        }
    },
    "J0034-0534": {
        "EPTA": {
            "FoM": 27.668700858628927,
            "Tobs": 9.865055281774467,
            "dt": 37.92854149124341,
            "sigma": 4.399515429703766
        }
    },
    "J0218+4232": {
        "EPTA": {
            "FoM": 114.86202905630124,
            "Tobs": 13.538396553950085,
            "dt": 16.002910489741968,
            "sigma": 6.599959496004586
        }
    },
    "J0340+4130": {
        "NANOGrav": {
            "FoM": 0.024191004399108935,
            "Tobs": 1.6818098681273355,
            "dt": 14.98246473984169,
            "sigma": 5.123475846650768
        }
    },
    "J0437-4715": {
        "PPTA": {
            "FoM": 358282.71827868366,
            "Tobs": 10.777200486340934,
            "dt": 7.526524813835614,
            "sigma": 0.10512017420365287
        }
    },
    "J0610-2100": {
        "EPTA": {
            "FoM": 0.0,
            "Tobs": 0.0,
            "dt": Infinity,
            "sigma": Infinity
        }
    },
    "J0613-0200": {
        "EPTA": {
            "FoM": 1426.5271846514627,
            "Tobs": 13.668498619145058,
            "dt": 12.029925591910198,
            "sigma": 2.205245436364823
        },
        "NANOGrav": {
            "FoM": 253.51099614530287,
            "Tobs": 7.802870876260209,
            "dt": 24.782596413513403,
            "sigma": 1.0817978332765994
        },
        "PPTA": {
            "FoM": 210.12209847685014,
            "Tobs": 5.887037441692377,
            "dt": 11.945780142100782,
            "sigma": 0.9295368373363587
        }
    },
    "J0621+1002": {
        "EPTA": {
            "FoM": 5.171074594787273,
            "Tobs": 7.49549645207555,
            "dt": 18.498176210274288,
            "sigma": 8.036112641727302
        }
    },
    "J0645+5158": {
        "NANOGrav": {
            "FoM": 2.473631947483438,
            "Tobs": 2.415808304790989,
            "dt": 19.182043115758887,
            "sigma": 0.9814173078323271
        }
    },
    "J0711-6830": {
        "PPTA": {
            "FoM": 50.16259720257662,
            "Tobs": 5.850785629686224,
            "dt": 13.52531298254996,
            "sigma": 1.7641427900080913
        }
    },
    "J0751+1807": {
        "EPTA": {
            "FoM": 25.218386800913038,
            "Tobs": 6.452033027642002,
            "dt": 14.196416044254464,
            "sigma": 3.0018886858633067
        }
    },
    "J0900-3144": {
        "EPTA": {
            "FoM": 36.89759073282784,
            "Tobs": 6.38906649491378,
            "dt": 7.937437201589313,
            "sigma": 3.249190901406195
        }
    },
    "J0931-1902": {
        "NANOGrav": {
            "FoM": 0.0005030523403789867,
            "Tobs": 0.6444985077952795,
            "dt": 14.712692498264113,
            "sigma": 4.487400366307035
        }
    },
    "J1012+5307": {
        "EPTA": {
            "FoM": 1217.6381113143239,
            "Tobs": 13.13116257914313,
            "dt": 13.472351494471988,
            "sigma": 2.0678041424772733
        },
        "NANOGrav": {
            "FoM": 141.5445667146312,
            "Tobs": 9.223415237559307,
            "dt": 22.45901610345691,
            "sigma": 2.1850272148223064
        }
    },
    "J1022+1001": {
        "EPTA": {
            "FoM": 87.71369730852794,
            "Tobs": 7.347776525304668,
            "dt": 15.694592841330584,
            "sigma": 2.028908520848811
        },
        "PPTA": {
            "FoM": 170.96800454017745,
            "Tobs": 5.987414376029741,
            "dt": 12.217335758909849,
            "sigma": 1.0569947771953327
        }
    },
    "J1024-0719": {
        "EPTA": {
            "FoM": 51.70750162378547,
            "Tobs": 7.492296705411276,
            "dt": 18.122922991069327,
            "sigma": 2.565123013576102
        },
        "NANOGrav": {
            "FoM": 3.7369571287190957,
            "Tobs": 4.018909687197573,
            "dt": 18.58109826897359,
            "sigma": 2.444029556370399
        },
        "PPTA": {
            "FoM": 39.81415781916364,
            "Tobs": 5.990500860944271,
            "dt": 14.490267810992684,
            "sigma": 2.013476133270665
        }
    },
    "J1045-4509": {
        "PPTA": {
            "FoM": 16.609005488814066,
            "Tobs": 5.848862911871489,
            "dt": 13.694212683083727,
            "sigma": 3.0447229192485366
        }
    },
    "J1455-3330": {
        "EPTA": {
            "FoM": 0.008229442881019193,
            "Tobs": 1.1058104979113885,
            "dt": 15.53451093700518,
            "sigma": 3.4778233980948796
        },
        "NANOGrav": {
            "FoM": 28.383373811457442,
            "Tobs": 9.223083217070524,
            "dt": 27.61255036913942,
            "sigma": 4.400273522013522
        }
    },
    "J1600-3053": {
        "EPTA": {
            "FoM": 1223.0407396749342,
            "Tobs": 7.3884430418866085,
            "dt": 14.278459370630072,
            "sigma": 0.5765056182918243
        },
        "NANOGrav": {
            "FoM": 104.19998936646836,
            "Tobs": 5.98262344919218,
            "dt": 19.337639069180916,
            "sigma": 1.0743102522149635
        },
        "PPTA": {
            "FoM": 443.53773011122706,
            "Tobs": 5.9901023958126105,
            "dt": 13.505462346114543,
            "sigma": 0.6247709876654017
        }
    },
    "J1603-7202": {
        "PPTA": {
            "FoM": 79.1317512831614,
            "Tobs": 5.987333348661142,
            "dt": 15.186621566656127,
            "sigma": 1.3934770137820243
        }
    },
    "J1614-2230": {
        "NANOGrav": {
            "FoM": 24.823767416010853,
            "Tobs": 5.094903968706802,
            "dt": 18.609136745701594,
            "sigma": 1.5842767373294528
        }
    },
    "J1640+2224": {
        "EPTA": {
            "FoM": 33.69949613051511,
            "Tobs": 7.347596179535708,
            "dt": 20.17826695169487,
            "sigma": 2.8866522649946327
        },
        "NANOGrav": {
            "FoM": 704.5315169662845,
            "Tobs": 8.89288595268684,
            "dt": 49.214039306346486,
            "sigma": 0.6113142418625506
        }
    },
    "J1643-1224": {
        "EPTA": {
            "FoM": 167.56330650701577,
            "Tobs": 7.0718037556629785,
            "dt": 13.178450621203586,
            "sigma": 1.474440086722169
        },
        "NANOGrav": {
            "FoM": 165.76976953017385,
            "Tobs": 9.018094084945716,
            "dt": 24.76585612425882,
            "sigma": 1.8312008359543768
        },
        "PPTA": {
            "FoM": 113.31366735408297,
            "Tobs": 5.987472286201689,
            "dt": 15.510101081809696,
            "sigma": 1.1523360711206523
        }
    },
    "J1713+0747": {
        "EPTA": {
            "FoM": 141572.24628576633,
            "Tobs": 13.905966739142894,
            "dt": 10.760920236169369,
            "sigma": 0.24295292721538655
        },
        "NANOGrav": {
            "FoM": 13511.193011672438,
            "Tobs": 8.77579758567376,
            "dt": 14.309643161461342,
            "sigma": 0.25155119063349535
        },
        "PPTA": {
            "FoM": 65184.1228606527,
            "Tobs": 10.981555804618488,
            "dt": 16.04405303054761,